<?xml version="1.0" encoding="UTF-8"?>
<metadata xml:lang="en"><Esri><CreaDate>20190827</CreaDate><CreaTime>15395300</CreaTime><ArcGISFormat>1.0</ArcGISFormat><SyncOnce>TRUE</SyncOnce><DataProperties><itemProps><itemLocation><linkage Sync="TRUE">file://\\srvshare\GIS Mapping\GIS FILES\Assets\Port Authority\Routes &amp; Fixed Guideways\PAAC_Routes_1906Copy</linkage><protocol Sync="TRUE">Local Area Network</protocol></itemLocation></itemProps><copyHistory><copy source="\\srvshare\GIS Mapping\GIS FILES\Assets\Port Authority\Routes &amp; Fixed Guideways\PAAC_Routes_1906" dest="\\srvshare\GIS Mapping\GIS FILES\Assets\Port Authority\Routes &amp; Fixed Guideways\PAAC_Routes_1906Copy" date="20190827" time="15395300"></copy></copyHistory></DataProperties></Esri></metadata>
